Timestamp_ms,RAW_ADC,Label
9,80,Rest
19,1023,Rest
29,64,Rest
39,1023,Rest
49,62,Rest
59,1023,Rest
69,61,Rest
79,1023,Rest
89,66,Rest
99,1023,Rest
109,53,Rest
119,1023,Rest
129,58,Rest
139,1023,Rest
149,49,Rest
159,1023,Rest
169,41,Rest
179,1023,Rest
189,40,Rest
199,1023,Rest
209,58,Rest
219,1023,Rest
229,50,Rest
239,1023,Rest
249,57,Rest
259,1023,Rest
269,39,Rest
279,1023,Rest
289,42,Rest
299,1023,Rest
309,45,Rest
319,1023,Rest
329,49,Rest
339,945,Rest
349,40,Rest
359,923,Rest
369,40,Rest
379,742,Rest
389,39,Rest
399,548,Rest
409,33,Rest
419,554,Rest
429,34,Rest
439,453,Rest
449,31,Rest
459,396,Rest
468,31,Rest
479,456,Rest
489,30,Rest
499,344,Rest
509,26,Rest
519,288,Rest
529,23,Rest
539,295,Rest
549,22,Rest
559,386,Rest
569,25,Rest
579,344,Rest
589,21,Rest
599,299,Rest
609,18,Rest
619,238,Rest
629,16,Rest
640,253,Rest
649,17,Rest
659,218,Rest
669,18,Rest
679,207,Rest
689,18,Rest
699,274,Rest
709,26,Rest
719,205,Rest
729,26,Rest
739,211,Rest
749,29,Rest
759,159,Rest
769,32,Rest
779,153,Rest
789,33,Rest
799,173,Rest
809,30,Rest
819,117,Rest
829,1023,Rest
839,148,Rest
849,1023,Rest
859,134,Rest
869,1023,Rest
879,110,Rest
889,1023,Rest
899,132,Rest
909,1023,Rest
919,111,Rest
929,1023,Rest
939,124,Rest
949,1023,Rest
959,161,Rest
969,1023,Rest
979,81,Rest
989,1023,Rest
999,91,Rest
1009,1023,Rest
1019,114,Rest
1029,1023,Rest
1039,99,Rest
1049,1023,Rest
1059,60,Rest
1069,996,Rest
1079,80,Rest
1089,1023,Rest
1099,64,Rest
1108,1023,Rest
1119,67,Rest
1129,1023,Rest
1139,58,Rest
1149,1023,Rest
1159,63,Rest
1169,1023,Rest
1179,61,Rest
1189,1023,Rest
1199,72,Rest
1209,1023,Rest
1219,48,Rest
1229,1023,Rest
1239,46,Rest
1249,1023,Rest
1259,43,Rest
1269,1023,Rest
1280,43,Rest
1289,1023,Rest
1299,36,Rest
1309,1023,Rest
1319,35,Rest
1329,1023,Rest
1339,46,Rest
1349,1023,Rest
1359,30,Rest
1369,1023,Rest
1379,32,Rest
1389,985,Rest
1399,29,Rest
1409,906,Rest
1419,26,Rest
1429,1023,Rest
1439,38,Rest
1449,1023,Rest
1459,35,Rest
1469,1005,Rest
1479,28,Rest
1489,683,Rest
1499,19,Rest
1509,1023,Rest
1519,38,Rest
1529,940,Rest
1539,27,Rest
1549,807,Rest
1559,25,Rest
1569,808,Rest
1579,26,Rest
1589,633,Rest
1599,24,Rest
1609,584,Rest
1619,22,Rest
1629,757,Rest
1639,29,Rest
1649,534,Rest
1659,23,Rest
1669,588,Rest
1679,28,Rest
1689,501,Rest
1699,25,Rest
1709,373,Rest
1719,23,Rest
1729,375,Rest
1739,25,Rest
1748,473,Rest
1759,29,Rest
1769,330,Rest
1779,26,Rest
1789,349,Rest
1799,25,Rest
1809,438,Rest
1819,30,Rest
1829,370,Rest
1839,25,Rest
1849,273,Rest
1859,21,Rest
1869,329,Rest
1879,25,Rest
1889,316,Rest
1899,21,Rest
1909,296,Rest
1920,18,Rest
1929,268,Rest
1939,19,Rest
1949,250,Rest
1959,16,Rest
1969,181,Rest
1979,14,Rest
1989,210,Rest
1999,17,Rest
2009,217,Rest
2019,18,Rest
2029,183,Rest
2039,22,Rest
2049,179,Rest
2059,25,Rest
2069,169,Rest
2079,28,Rest
2089,163,Rest
2099,30,Rest
2109,137,Rest
2119,34,Rest
2129,147,Rest
2139,101,Rest
2149,140,Rest
2159,513,Rest
2169,112,Rest
2179,1023,Rest
2189,118,Rest
2199,1023,Rest
2209,104,Rest
2219,1023,Rest
2229,88,Rest
2239,1023,Rest
2249,97,Rest
2259,1023,Rest
2269,87,Rest
2279,1023,Rest
2289,94,Rest
2299,1023,Rest
2309,70,Rest
2319,1023,Rest
2329,89,Rest
2339,1023,Rest
2349,78,Rest
2359,1023,Rest
2369,82,Rest
2379,1023,Rest
2388,70,Rest
2399,1023,Rest
2409,80,Rest
2419,1023,Rest
2429,66,Rest
2439,1023,Rest
2449,55,Rest
2459,1023,Rest
2469,50,Rest
2479,1023,Rest
2489,46,Rest
2499,1023,Rest
2509,53,Rest
2519,1023,Rest
2529,52,Rest
2539,1023,Rest
2549,40,Rest
2560,1023,Rest
2569,45,Rest
2579,1023,Rest
2589,37,Rest
2599,1023,Rest
2609,33,Rest
2619,1023,Rest
2629,41,Rest
2639,1023,Rest
2649,35,Rest
2659,1023,Rest
2669,33,Rest
2679,728,Rest
2689,20,Rest
2699,854,Rest
2709,24,Rest
2719,862,Rest
2729,24,Rest
2739,714,Rest
2749,20,Rest
2759,857,Rest
2769,24,Rest
2779,615,Rest
2789,16,Rest
2799,596,Rest
2809,15,Rest
2819,841,Rest
2829,23,Rest
2839,603,Rest
2849,16,Rest
2859,544,Rest
2869,15,Rest
2879,782,Rest
2889,24,Rest
2899,465,Rest
2909,15,Rest
2919,484,Rest
2929,18,Rest
2939,501,Rest
2949,22,Rest
2959,459,Rest
2969,20,Rest
2979,423,Rest
2989,20,Rest
2999,371,Rest
3009,20,Rest
3019,363,Rest
3028,22,Rest
3039,331,Rest
3049,24,Rest
3059,419,Rest
3069,27,Rest
3079,314,Rest
3089,25,Rest
3099,269,Rest
3109,24,Rest
3119,310,Rest
3129,25,Rest
3139,379,Rest
3149,27,Rest
3159,246,Rest
3169,22,Rest
3179,215,Rest
3189,19,Rest
3200,169,Rest
3209,16,Rest
3219,231,Rest
3229,16,Rest
3239,149,Rest
3249,14,Rest
3259,188,Rest
3269,14,Rest
3279,155,Rest
3289,13,Rest
3299,142,Rest
3309,13,Rest
3319,182,Rest
3329,15,Rest
3339,133,Rest
3349,16,Rest
3359,127,Rest
3369,21,Rest
3379,123,Rest
3389,24,Rest
3399,98,Rest
3409,25,Rest
3419,84,Rest
3429,29,Rest
3439,95,Rest
3449,29,Rest
3459,83,Rest
3469,48,Rest
3479,97,Rest
3489,498,Rest
3499,103,Rest
3509,1023,Rest
3519,74,Rest
3529,1023,Rest
3539,97,Rest
3549,1023,Rest
3559,79,Rest
3569,1023,Rest
3579,51,Rest
3589,1023,Rest
3599,77,Rest
3609,1023,Rest
3619,57,Rest
3629,1023,Rest
3639,73,Rest
3649,1023,Rest
3659,56,Rest
3668,1023,Rest
3679,47,Rest
3689,1023,Rest
3699,51,Rest
3709,1023,Rest
3719,44,Rest
3729,1023,Rest
3739,37,Rest
3749,1023,Rest
3759,40,Rest
3769,1023,Rest
3779,32,Rest
3789,1023,Rest
3799,43,Rest
3809,1023,Rest
3819,35,Rest
3829,985,Rest
3840,27,Rest
3849,1023,Rest
3859,35,Rest
3869,1023,Rest
3879,31,Rest
3889,1023,Rest
3899,27,Rest
3909,1023,Rest
3919,28,Rest
3929,868,Rest
3939,23,Rest
3949,1023,Rest
3959,30,Rest
3969,809,Rest
3979,22,Rest
3989,1017,Rest
3999,29,Rest
4009,776,Rest
4019,21,Rest
4029,717,Rest
4039,20,Rest
4049,717,Rest
4059,20,Rest
4069,703,Rest
4079,20,Rest
4089,598,Rest
4099,16,Rest
4109,522,Rest
4119,13,Rest
4129,562,Rest
4139,15,Rest
4149,606,Rest
4159,16,Rest
4169,493,Rest
4179,13,Rest
4189,399,Rest
4199,11,Rest
4209,406,Rest
4219,12,Rest
4229,345,Rest
4239,12,Rest
4249,350,Rest
4259,14,Rest
4269,333,Rest
4279,16,Rest
4289,332,Rest
4299,16,Rest
4308,293,Rest
4319,16,Rest
4329,302,Rest
4339,18,Rest
4349,295,Rest
4359,20,Rest
4369,326,Rest
4379,22,Rest
4389,230,Rest
4399,19,Rest
4409,259,Rest
4419,22,Rest
4429,215,Rest
4439,19,Rest
4449,204,Rest
4459,19,Rest
4469,189,Rest
4480,18,Rest
4489,204,Rest
4499,19,Rest
4509,152,Rest
4519,16,Rest
4529,182,Rest
4539,15,Rest
4549,183,Rest
4559,14,Rest
4569,131,Rest
4579,12,Rest
4589,137,Rest
4599,12,Rest
4609,116,Rest
4619,12,Rest
4629,152,Rest
4639,14,Rest
4649,118,Rest
4659,15,Rest
4669,108,Rest
4679,17,Rest
4689,111,Rest
4699,22,Rest
4709,116,Rest
4719,24,Rest
4729,76,Rest
4739,25,Rest
4749,101,Rest
4759,30,Rest
4769,80,Rest
4779,30,Rest
4789,87,Rest
4799,33,Rest
4809,84,Rest
4819,48,Rest
4829,62,Rest
4839,1023,Rest
4849,57,Rest
4859,1023,Rest
4869,50,Rest
4879,1023,Rest
4889,67,Rest
4899,1023,Rest
4909,42,Rest
4919,1023,Rest
4929,55,Rest
4939,1023,Rest
4948,40,Rest
4959,1023,Rest
4969,45,Rest
4979,1023,Rest
4989,54,Rest
4999,1023,Rest
5009,34,Rest
5019,1023,Rest
5029,39,Rest
5039,1023,Rest
5049,37,Rest
5059,1023,Rest
5069,28,Rest
5079,916,Rest
5089,30,Rest
5099,1014,Rest
5109,29,Rest
5120,750,Rest
5129,21,Rest
5139,817,Rest
5149,39,Rest
5159,746,Rest
5169,17,Rest
5179,1002,Rest
5189,27,Rest
5199,866,Rest
5209,22,Rest
5219,674,Rest
5229,16,Rest
5239,755,Rest
5249,19,Rest
5259,784,Rest
5269,20,Rest
5279,745,Rest
5289,20,Rest
5299,867,Rest
5309,24,Rest
5319,518,Rest
5329,13,Rest
5339,580,Rest
5349,16,Rest
5359,654,Rest
5369,18,Rest
5379,390,Rest
5389,10,Rest
5399,514,Rest
5409,14,Rest
5419,452,Rest
5429,11,Rest
5439,438,Rest
5449,10,Rest
5459,446,Rest
5469,11,Rest
5479,438,Rest
5489,11,Rest
5499,367,Rest
5509,10,Rest
5519,440,Rest
5529,13,Rest
5539,355,Rest
5549,11,Rest
5559,301,Rest
5569,11,Rest
5579,338,Rest
5588,16,Rest
5599,276,Rest
5609,13,Rest
5619,292,Rest
5629,15,Rest
5639,190,Rest
5649,13,Rest
5659,252,Rest
5669,18,Rest
5679,267,Rest
5689,19,Rest
5699,188,Rest
5709,18,Rest
5719,231,Rest
5729,21,Rest
5739,230,Rest
5749,21,Rest
5760,208,Rest
5769,20,Rest
5779,186,Rest
5789,18,Rest
5799,191,Rest
5809,19,Rest
5819,228,Rest
5829,20,Rest
5839,300,Rest
5849,22,Rest
5859,414,Rest
5869,27,Rest
5879,464,Rest
5889,27,Rest
5899,515,Rest
5909,26,Rest
5919,412,Rest
5929,25,Rest
5939,569,Rest
5949,29,Rest
5959,310,Rest
5969,19,Rest
5979,395,Rest
5989,27,Rest
5999,371,Rest
6009,29,Rest
6019,343,Rest
6029,35,Rest
6039,366,Rest
6049,38,Rest
6059,262,Rest
6069,34,Rest
6079,288,Rest
6089,171,Rest
6099,238,Rest
6109,36,Rest
6119,178,Rest
6129,901,Rest
6139,215,Rest
6149,1023,Rest
6159,194,Rest
6169,1023,Rest
6179,251,Rest
6189,1023,Rest
6199,200,Rest
6209,1023,Rest
6219,151,Rest
6228,1023,Rest
6239,154,Rest
6249,1023,Rest
6259,177,Rest
6269,1023,Rest
6279,140,Rest
6289,1023,Rest
6299,138,Rest
6309,1023,Rest
6319,139,Rest
6329,1023,Rest
6339,113,Rest
6349,1023,Rest
6359,98,Rest
6369,1023,Rest
6379,93,Rest
6389,1023,Rest
6400,70,Rest
6409,1023,Rest
6419,93,Rest
6429,1023,Rest
6439,91,Rest
6449,1023,Rest
6459,87,Rest
6469,1023,Rest
6479,86,Rest
6489,1023,Rest
6499,62,Rest
6509,1023,Rest
6519,71,Rest
6529,1023,Rest
6539,63,Rest
6549,1023,Rest
6559,53,Rest
6569,1023,Rest
6579,71,Rest
6589,1023,Rest
6599,50,Rest
6609,1023,Rest
6619,39,Rest
6629,1023,Rest
6639,50,Rest
6649,1023,Rest
6659,40,Rest
6669,1023,Rest
6679,52,Rest
6689,1023,Rest
6699,45,Rest
6709,1023,Rest
6719,46,Rest
6729,1010,Rest
6739,29,Rest
6749,1023,Rest
6759,37,Rest
6769,850,Rest
6779,23,Rest
6789,1023,Rest
6799,29,Rest
6809,886,Rest
6819,25,Rest
6829,805,Rest
6839,24,Rest
6849,611,Rest
6859,18,Rest
6868,809,Rest
6879,26,Rest
6889,645,Rest
6899,24,Rest
6909,632,Rest
6919,24,Rest
6929,599,Rest
6939,26,Rest
6949,512,Rest
6959,24,Rest
6969,467,Rest
6979,24,Rest
6989,454,Rest
6999,26,Rest
7009,542,Rest
7019,30,Rest
7029,476,Rest
7040,28,Rest
7049,382,Rest
7059,29,Rest
7069,472,Rest
7079,32,Rest
7089,410,Rest
7099,30,Rest
7109,438,Rest
7119,32,Rest
7129,530,Rest
7139,33,Rest
7149,298,Rest
7159,25,Rest
7169,351,Rest
7179,25,Rest
7189,522,Rest
7199,30,Rest
7209,321,Rest
7219,20,Rest
7229,284,Rest
7239,18,Rest
7249,187,Rest
7259,16,Rest
7269,275,Rest
7279,18,Rest
7289,243,Rest
7299,18,Rest
7309,241,Rest
7319,20,Rest
7329,226,Rest
7339,22,Rest
7349,147,Rest
7359,24,Rest
7369,203,Rest
7379,29,Rest
7389,165,Rest
7399,30,Rest
7409,226,Rest
7419,39,Rest
7429,142,Rest
7439,28,Rest
7449,158,Rest
7459,768,Rest
7469,135,Rest
7479,1023,Rest
7489,165,Rest
7499,1023,Rest
7508,141,Rest
7519,1023,Rest
7529,120,Rest
7539,1023,Rest
7549,125,Rest
7559,1023,Rest
7569,111,Rest
7579,1023,Rest
7589,89,Rest
7599,1023,Rest
7609,87,Rest
7619,1023,Rest
7629,104,Rest
7639,1023,Rest
7649,101,Rest
7659,1023,Rest
7669,83,Rest
7680,1023,Rest
7689,70,Rest
7699,1023,Rest
7709,67,Rest
7719,1023,Rest
7729,63,Rest
7739,1023,Rest
7749,65,Rest
7759,1023,Rest
7769,54,Rest
7779,1023,Rest
7789,84,Rest
7799,1023,Rest
7809,53,Rest
7819,1023,Rest
7829,47,Rest
7839,1023,Rest
7849,44,Rest
7859,1023,Rest
7869,50,Rest
7879,1023,Rest
7889,39,Rest
7899,1023,Rest
7909,40,Rest
7919,1023,Rest
7929,32,Rest
7939,1023,Rest
7949,36,Rest
7959,1023,Rest
7969,31,Rest
7979,1023,Rest
7989,41,Rest
7999,1023,Rest
8009,39,Rest
8019,1023,Rest
8029,33,Rest
8039,994,Rest
8049,29,Rest
8059,1011,Rest
8069,30,Rest
8079,945,Rest
8089,27,Rest
8099,836,Rest
8109,23,Rest
8119,803,Rest
8129,22,Rest
8139,809,Rest
8148,23,Rest
8159,687,Rest
8169,20,Rest
8179,544,Rest
8189,16,Rest
8199,566,Rest
8209,18,Rest
8219,551,Rest
8229,19,Rest
8239,461,Rest
8249,17,Rest
8259,500,Rest
8269,21,Rest
8279,607,Rest
8289,27,Rest
8299,486,Rest
8309,24,Rest
8320,472,Rest
8329,26,Rest
8339,605,Rest
8349,32,Rest
8359,496,Rest
8369,29,Rest
8379,434,Rest
8389,30,Rest
8399,371,Rest
8409,27,Rest
8419,305,Rest
8429,26,Rest
8439,312,Rest
